# lap_count, lap_success, laptime, completion, NA, NA, aveTrackErr, Computation_time
1.000000  ,0.000000  ,234.496228,50.000000 ,0.000000  ,0.000000  ,0.003923  ,234.496228
