# lap_count, lap_success, laptime, completion, NA, NA, aveTrackErr, Computation_time
1.000000  ,1.000000  ,112.020125,50.000000 ,0.000000  ,0.000000  ,0.003822  ,112.020125
