# lap_count, lap_success, laptime, completion, NA, NA, aveTrackErr, Computation_time
1.000000  ,1.000000  ,126.493746,50.000000 ,0.000000  ,0.000000  ,0.004060  ,126.493746
