# lap_count, lap_success, laptime, completion, NA, NA, aveTrackErr, Computation_time
0.000000  ,1.000000  ,29.031225 ,99.080000 ,0.000000  ,0.000000  ,0.008648  ,29.031225 
0.000000  ,0.000000  ,0.000000  ,0.000000  ,0.000000  ,0.000000  ,0.000000  ,0.000000  
0.000000  ,0.000000  ,0.000000  ,0.000000  ,0.000000  ,0.000000  ,0.000000  ,0.000000  
