# lap_count, lap_success, laptime, completion, NA, NA, aveTrackErr, Computation_time
0.000000  ,0.000000  ,6.003491  ,90.360000 ,0.000000  ,0.000000  ,0.000483  ,6.003491  
0.000000  ,0.000000  ,0.000000  ,0.000000  ,0.000000  ,0.000000  ,0.000000  ,0.000000  
0.000000  ,0.000000  ,0.000000  ,0.000000  ,0.000000  ,0.000000  ,0.000000  ,0.000000  
