# lap_count, lap_success, laptime, completion, NA, NA, aveTrackErr, Computation_time
0.000000  ,0.000000  ,29.036038 ,99.080000 ,0.000000  ,0.000000  ,0.008866  ,29.036038 
0.000000  ,0.000000  ,0.000000  ,0.000000  ,0.000000  ,0.000000  ,0.000000  ,0.000000  
0.000000  ,0.000000  ,0.000000  ,0.000000  ,0.000000  ,0.000000  ,0.000000  ,0.000000  
