# laptime, ego_x_pos, ego_y_pos, actual speed, expected speed, tracking error, noise, completion, steering, slip
5.461837  ,-11.670272,-1.356218 ,1.200000  
5.461837  ,-11.670272,-1.356218 ,1.200000  
5.461837  ,-11.670272,-1.356218 ,1.200000  
5.461837  ,-11.670272,-1.356218 ,1.200000  
